Região,2025*,Unnamed: 2,Unnamed: 3,Unnamed: 4,Unnamed: 5,Unnamed: 6,Unnamed: 7,Unnamed: 8,Unnamed: 9,Unnamed: 10,Unnamed: 11,Unnamed: 12,Unnamed: 13
,JAN,FEV,MAR,ABR,MAI,JUN,JUL,AGO,SET,OUT,NOV,DEZ,ANO
TOTAL BRASIL,47.143.708,47.852.162,49.227.801,46.991.844,,,,,,,,,191.215.515
REGIÃO GEOGRÁFICA,,,,,,,,,,,,,
Norte,3.618.410,3.372.379,3.515.607,3.624.335,,,,,,,,,14.130.731
Nordeste,8.466.633,8.199.810,8.352.242,8.442.959,,,,,,,,,33.461.643
Sudeste,22.558.521,22.876.610,23.753.392,22.328.495,,,,,,,,,91.517.019
Sul,8.883.069,9.703.075,9.749.096,8.743.641,,,,,,,,,37.078.882
Centro-Oeste,3.617.075,3.700.287,3.857.465,3.852.413,,,,,,,,,15.027.240
SUBSISTEMA ELÉTRICO,,,,,,,,,,,,,
Sistemas isolados,238.173,223.876,227.402,233.772,,,,,,,,,923.224
Norte,4.259.555,3.952.191,4.145.627,4.288.057,,,,,,,,,16.645.431
Nordeste,7.167.021,6.978.327,7.073.305,7.127.664,,,,,,,,,28.346.318
Sudeste/C. Oeste,26.595.889,26.994.693,28.032.371,26.598.709,,,,,,,,,108.221.661
Sul,8.883.069,9.703.075,9.749.096,8.743.641,,,,,,,,,37.078.882
*Dados preliminares (última atualização: 2025-05-28),,,,,,,,,,,,,
,2024,,,,,,,,,,,,
,JAN,FEV,MAR,ABR,MAI,JUN,JUL,AGO,SET,OUT,NOV,DEZ,ANO
TOTAL BRASIL,46.967.018,46.366.614,47.948.987,47.394.281,47.103.034,45.627.991,44.912.154,46.131.062,46.405.443,47.995.312,47.368.768,47.369.700,561.590.365
REGIÃO GEOGRÁFICA,,,,,,,,,,,,,
Norte,3.467.739,3.313.356,3.469.827,3.483.942,3.637.943,3.576.635,3.713.667,3.818.711,3.873.153,3.943.200,3.831.848,3.767.051,43.897.072
Nordeste,8.425.050,8.143.742,8.233.999,8.328.842,8.331.418,8.219.744,8.008.589,8.173.625,8.305.615,8.376.096,8.739.757,8.751.443,100.037.919
Sudeste,22.478.505,22.120.148,23.128.301,22.741.506,22.970.990,21.978.148,21.434.715,21.816.537,22.175.367,23.084.454,22.217.443,22.483.820,268.629.934
Sul,8.893.431,9.154.407,9.353.981,9.076.958,8.382.905,8.213.253,8.159.423,8.629.077,8.235.815,8.448.602,8.671.311,8.583.174,103.802.339
Centro-Oeste,3.702.292,3.634.961,3.762.879,3.763.032,3.779.778,3.640.211,3.595.761,3.693.112,3.815.494,4.142.961,3.908.409,3.784.212,45.223.102
SUBSISTEMA ELÉTRICO,,,,,,,,,,,,,
Sistemas isolados,238.472,236.052,242.396,253.245,237.635,218.450,230.002,242.105,256.566,264.105,263.925,248.859,2.931.813
Norte,4.007.712,3.808.556,3.940.011,3.918.607,4.160.391,4.177.344,4.290.659,4.407.976,4.454.900,4.533.037,4.505.673,4.435.473,50.640.339
Nordeste,7.213.967,7.002.466,7.095.020,7.192.727,7.113.119,6.978.312,6.766.713,6.896.355,6.994.418,7.018.922,7.347.325,7.395.796,85.015.140
Sudeste/C. Oeste,26.613.436,26.165.133,27.317.579,26.952.743,27.208.983,26.040.632,25.465.357,25.955.549,26.463.744,27.730.646,26.580.535,26.706.398,319.200.735
Sul,8.893.431,9.154.407,9.353.981,9.076.958,8.382.905,8.213.253,8.159.423,8.629.077,8.235.815,8.448.602,8.671.311,8.583.174,103.802.339
,2023,,,,,,,,,,,,
,JAN,FEV,MAR,ABR,MAI,JUN,JUL,AGO,SET,OUT,NOV,DEZ,ANO
TOTAL BRASIL,42.539.386,43.020.591,45.722.349,44.884.020,43.163.913,42.656.750,42.013.909,43.430.165,44.476.243,46.074.051,46.665.335,47.222.647,531.869.360
REGIÃO GEOGRÁFICA,,,,,,,,,,,,,
Norte,3.179.390,2.962.217,3.327.773,3.213.743,3.393.478,3.383.445,3.426.421,3.601.723,3.679.263,3.728.981,3.628.495,3.554.579,41.079.506
Nordeste,7.661.411,7.494.725,7.914.539,7.809.122,7.940.968,7.727.778,7.463.808,7.737.155,8.056.617,8.202.190,8.478.291,8.484.406,94.971.010
Sudeste,20.159.474,20.704.476,22.083.389,21.706.203,20.584.053,20.480.714,20.135.945,20.744.961,21.190.187,22.135.334,22.489.273,22.841.022,255.255.031
Sul,8.299.477,8.623.366,8.953.570,8.645.237,7.868.683,7.697.985,7.717.651,7.800.008,7.820.102,8.053.990,8.035.720,8.375.045,97.890.834
Centro-Oeste,3.239.634,3.235.807,3.443.078,3.509.716,3.376.732,3.366.829,3.270.084,3.546.318,3.730.073,3.953.556,4.033.555,3.967.595,42.672.978
SUBSISTEMA ELÉTRICO,,,,,,,,,,,,,
Sistemas isolados,236.078,222.743,248.583,246.145,248.764,226.386,224.466,252.930,267.559,271.047,265.609,249.559,2.959.869
Norte,3.570.979,3.364.915,3.756.933,3.658.902,3.880.436,3.854.552,3.944.845,4.075.154,4.112.902,4.233.724,4.124.319,4.105.046,46.682.708
Nordeste,6.671.689,6.526.454,6.848.611,6.751.851,6.811.430,6.634.634,6.336.773,6.583.602,6.907.585,6.985.493,7.263.238,7.243.101,81.564.461
Sudeste/C. Oeste,23.761.164,24.283.113,25.914.652,25.581.886,24.354.601,24.243.194,23.790.174,24.718.471,25.368.094,26.529.797,26.976.449,27.249.896,302.771.489
Sul,8.299.477,8.623.366,8.953.570,8.645.237,7.868.683,7.697.985,7.717.651,7.800.008,7.820.102,8.053.990,8.035.720,8.375.045,97.890.834
,2022,,,,,,,,,,,,
,JAN,FEV,MAR,ABR,MAI,JUN,JUL,AGO,SET,OUT,NOV,DEZ,ANO
TOTAL BRASIL,42.580.220,41.853.821,44.626.530,43.267.214,42.061.795,40.943.112,41.237.173,42.140.275,42.318.486,42.519.141,42.723.416,43.225.620,509.496.803
REGIÃO GEOGRÁFICA,,,,,,,,,,,,,
Norte,3.033.623,2.774.994,3.003.639,2.935.354,3.100.076,3.120.429,3.254.854,3.418.846,3.380.412,3.421.293,3.303.481,3.309.523,38.056.526
Nordeste,7.269.935,6.998.206,7.459.576,7.240.388,7.271.204,7.021.728,7.104.761,7.299.211,7.422.700,7.644.765,7.785.448,7.692.127,88.210.048
Sudeste,20.526.803,20.326.412,22.018.183,21.769.759,20.788.847,19.924.574,19.948.620,20.376.353,20.442.843,20.496.295,20.581.355,20.763.406,247.963.450
Sul,8.495.715,8.542.969,8.763.541,7.905.047,7.536.736,7.588.737,7.629.542,7.645.256,7.536.752,7.417.894,7.580.349,8.006.829,94.649.368
Centro-Oeste,3.254.143,3.211.240,3.381.590,3.416.666,3.364.932,3.287.644,3.299.397,3.400.608,3.535.779,3.538.894,3.472.783,3.453.736,40.617.412
SUBSISTEMA ELÉTRICO,,,,,,,,,,,,,
Sistemas isolados,235.891,229.193,239.586,233.429,233.329,228.368,235.000,257.739,259.051,267.114,256.722,243.198,2.918.619
Norte,3.105.561,2.838.090,3.073.544,2.998.652,3.215.241,3.272.434,3.433.957,3.651.898,3.647.962,3.720.594,3.654.915,3.700.238,40.313.087
Nordeste,6.607.898,6.381.377,6.791.965,6.591.470,6.547.480,6.289.142,6.319.253,6.415.635,6.500.121,6.674.237,6.794.189,6.658.218,78.570.985
Sudeste/C. Oeste,24.135.154,23.862.192,25.757.893,25.538.616,24.529.009,23.564.432,23.619.421,24.169.747,24.374.601,24.439.302,24.437.241,24.617.137,293.044.743
Sul,8.495.715,8.542.969,8.763.541,7.905.047,7.536.736,7.588.737,7.629.542,7.645.256,7.536.752,7.417.894,7.580.349,8.006.829,94.649.368
,2021,,,,,,,,,,,,
,JAN,FEV,MAR,ABR,MAI,JUN,JUL,AGO,SET,OUT,NOV,DEZ,ANO
TOTAL BRASIL,43.068.652,41.478.489,43.658.367,42.650.331,40.790.401,40.438.008,40.198.511,40.913.329,41.962.461,42.613.489,41.875.708,42.928.578,502.576.324
REGIÃO GEOGRÁFICA,,,,,,,,,,,,,
Norte,2.875.950,2.759.395,2.895.325,2.990.546,3.055.980,3.059.725,3.049.402,3.162.099,3.189.274,3.218.087,3.177.905,3.176.747,36.610.436
Nordeste,7.417.174,7.042.160,7.243.497,7.204.031,6.972.996,6.993.013,6.992.882,7.109.161,7.189.200,7.538.639,7.482.815,7.713.114,86.898.684
Sudeste,21.497.695,20.537.613,21.988.991,21.063.025,19.963.256,19.751.841,19.528.232,19.800.843,20.668.965,20.797.280,20.237.021,20.722.874,246.557.635
Sul,8.097.670,7.972.092,8.257.890,8.109.892,7.579.902,7.330.463,7.472.283,7.606.945,7.349.094,7.453.424,7.606.358,7.894.045,92.730.059
Centro-Oeste,3.180.163,3.167.228,3.272.664,3.282.837,3.218.267,3.302.966,3.155.711,3.234.281,3.565.928,3.606.058,3.371.609,3.421.799,39.779.510
SUBSISTEMA ELÉTRICO,,,,,,,,,,,,,
Sistemas isolados,237.650,229.734,230.447,250.318,241.255,230.634,227.645,240.727,262.270,261.891,255.819,249.263,2.917.652
Norte,2.971.869,2.839.274,2.977.868,3.040.915,3.124.728,3.156.656,3.202.002,3.283.036,3.294.837,3.321.712,3.300.264,3.309.358,37.822.520
Nordeste,6.774.466,6.428.119,6.627.240,6.578.589,6.337.070,6.330.589,6.295.489,6.396.703,6.450.313,6.789.154,6.747.942,6.973.496,78.729.170
Sudeste/C. Oeste,24.986.997,24.009.270,25.564.921,24.670.617,23.507.445,23.389.667,23.001.091,23.385.918,24.605.946,24.787.308,23.965.325,24.502.416,290.376.922
Sul,8.097.670,7.972.092,8.257.890,8.109.892,7.579.902,7.330.463,7.472.283,7.606.945,7.349.094,7.453.424,7.606.358,7.894.045,92.730.059
,2020,,,,,,,,,,,,
,JAN,FEV,MAR,ABR,MAI,JUN,JUL,AGO,SET,OUT,NOV,DEZ,ANO
TOTAL BRASIL,41.330.507,40.997.020,41.142.395,37.261.936,36.125.863,35.772.668,37.870.441,39.244.021,40.352.399,42.874.414,41.415.474,42.164.424,476.551.562
REGIÃO GEOGRÁFICA,,,,,,,,,,,,,
Norte,2.894.525,2.836.047,2.815.284,2.629.850,2.656.714,2.708.916,2.898.335,3.035.361,3.085.360,3.160.122,3.007.704,2.991.752,34.719.970
Nordeste,7.128.278,6.811.403,6.935.383,6.361.675,6.359.770,6.238.179,6.532.533,6.528.108,6.828.702,7.350.431,7.035.027,7.110.824,81.220.313
Sudeste,20.157.502,20.028.600,20.221.090,18.064.680,17.378.115,17.315.901,18.381.116,19.324.707,19.785.077,21.224.406,20.377.363,20.807.481,233.066.039
Sul,7.980.475,8.120.195,7.950.412,7.081.306,6.672.169,6.566.359,6.979.429,7.110.003,7.263.502,7.490.578,7.579.250,7.842.893,88.636.571
Centro-Oeste,3.169.727,3.200.775,3.220.225,3.124.424,3.059.095,2.943.313,3.079.028,3.245.842,3.389.758,3.648.876,3.416.130,3.411.475,38.908.669
SUBSISTEMA ELÉTRICO,,,,,,,,,,,,,
Sistemas isolados,244.792,242.321,258.421,243.519,226.173,226.718,239.861,248.232,264.520,271.478,265.767,265.633,2.997.434
Norte,2.938.356,2.838.344,2.826.208,2.672.450,2.730.799,2.826.972,2.991.221,3.103.326,3.125.072,3.237.951,3.085.089,3.031.145,35.406.932
Nordeste,6.524.173,6.229.232,6.341.576,5.765.781,5.751.684,5.598.225,5.880.554,5.866.497,6.150.274,6.623.228,6.333.987,6.420.343,73.485.555
Sudeste/C. Oeste,23.642.711,23.566.928,23.765.778,21.498.880,20.745.038,20.554.394,21.779.376,22.915.962,23.549.031,25.251.179,24.151.381,24.604.411,276.025.070
Sul,7.980.475,8.120.195,7.950.412,7.081.306,6.672.169,6.566.359,6.979.429,7.110.003,7.263.502,7.490.578,7.579.250,7.842.893,88.636.571
,2019,,,,,,,,,,,,
,JAN,FEV,MAR,ABR,MAI,JUN,JUL,AGO,SET,OUT,NOV,DEZ,ANO
TOTAL BRASIL,41.816.588,41.325.116,41.309.919,39.885.844,40.658.706,38.612.537,38.484.865,38.808.497,39.466.725,41.283.797,41.994.716,40.951.664,484.598.975
REGIÃO GEOGRÁFICA,,,,,,,,,,,,,
Norte,2.563.184,2.421.379,2.600.591,2.568.934,2.688.743,2.720.527,2.820.493,2.881.216,2.938.026,2.965.331,2.951.783,2.994.753,33.114.959
Nordeste,6.979.387,6.827.894,7.056.849,6.780.239,7.062.679,6.632.694,6.679.905,6.552.950,6.640.923,7.145.735,7.310.777,7.551.024,83.221.057
Sudeste,21.091.981,20.711.194,20.762.876,19.957.402,20.326.519,19.114.047,18.811.922,19.036.270,19.459.624,20.348.905,20.785.147,19.726.328,240.132.213
Sul,8.028.901,8.158.620,7.785.539,7.495.630,7.405.803,7.087.722,7.111.362,7.200.427,7.061.352,7.377.360,7.547.476,7.471.002,89.731.194
Centro-Oeste,3.153.135,3.206.029,3.104.065,3.083.639,3.174.962,3.057.548,3.061.184,3.137.634,3.366.801,3.446.465,3.399.533,3.208.557,38.399.552
SUBSISTEMA ELÉTRICO,,,,,,,,,,,,,
Sistemas isolados,235.374,223.485,244.515,254.185,243.778,228.815,238.645,234.551,248.732,264.261,251.565,248.470,2.916.378
Norte,2.601.233,2.473.879,2.634.746,2.576.790,2.739.376,2.803.120,2.883.806,2.970.444,2.986.743,3.033.103,3.048.375,3.103.353,33.854.968
Nordeste,6.395.871,6.254.275,6.474.058,6.206.538,6.449.408,6.009.367,6.048.444,5.905.199,5.978.932,6.478.799,6.631.775,6.854.903,75.687.569
Sudeste/C. Oeste,24.555.208,24.214.857,24.171.061,23.352.700,23.820.342,22.483.513,22.202.609,22.497.875,23.190.967,24.130.273,24.515.525,23.273.936,282.408.866
Sul,8.028.901,8.158.620,7.785.539,7.495.630,7.405.803,7.087.722,7.111.362,7.200.427,7.061.352,7.377.360,7.547.476,7.471.002,89.731.194
,2018,,,,,,,,,,,,
,JAN,FEV,MAR,ABR,MAI,JUN,JUL,AGO,SET,OUT,NOV,DEZ,ANO
TOTAL BRASIL,40.070.501,39.207.355,41.139.182,40.720.967,39.315.289,38.233.799,38.544.210,39.056.525,39.079.395,40.427.601,40.441.436,40.055.542,476.291.803
REGIÃO GEOGRÁFICA,,,,,,,,,,,,,
Norte,2.812.898,2.650.539,2.868.573,2.679.314,2.666.895,2.582.787,2.658.452,2.688.994,2.689.093,2.829.919,2.723.638,2.585.260,32.436.361
Nordeste,6.718.801,6.357.334,6.587.721,6.668.104,6.660.480,6.603.193,6.527.352,6.694.636,6.643.931,7.060.111,7.190.633,7.007.459,80.719.755
Sudeste,20.073.680,19.694.491,20.848.628,20.729.772,19.740.642,19.178.177,19.270.395,19.375.885,19.602.206,20.105.240,20.152.702,20.022.600,238.794.417
Sul,7.543.504,7.599.890,7.802.534,7.556.919,7.233.488,6.926.867,7.081.435,7.173.673,6.986.007,7.117.886,7.202.612,7.297.998,87.522.814
Centro-Oeste,2.921.618,2.905.102,3.031.726,3.086.858,3.013.784,2.942.775,3.006.576,3.123.337,3.158.158,3.314.445,3.171.851,3.142.225,36.818.456
SUBSISTEMA ELÉTRICO,,,,,,,,,,,,,
Sistemas isolados,231.785,230.774,238.314,244.509,235.248,230.089,231.825,249.042,245.815,274.323,265.657,235.615,2.912.995
Norte,2.852.964,2.651.456,2.892.971,2.696.785,2.692.115,2.654.733,2.717.586,2.740.023,2.752.253,2.854.447,2.771.254,2.662.331,32.938.918
Nordeste,6.151.807,5.835.914,6.026.395,6.106.381,6.088.601,6.014.857,5.929.431,6.071.974,6.022.597,6.410.902,6.544.007,6.399.084,73.601.951
Sudeste/C. Oeste,23.290.441,22.889.321,24.178.968,24.116.373,23.065.837,22.407.253,22.583.933,22.821.812,23.072.724,23.770.042,23.657.906,23.460.516,279.315.126
Sul,7.543.504,7.599.890,7.802.534,7.556.919,7.233.488,6.926.867,7.081.435,7.173.673,6.986.007,7.117.886,7.202.612,7.297.998,87.522.814
,2017,,,,,,,,,,,,
,JAN,FEV,MAR,ABR,MAI,JUN,JUL,AGO,SET,OUT,NOV,DEZ,ANO
TOTAL BRASIL,39.390.926,38.876.216,40.588.192,39.469.180,38.194.806,38.145.631,37.313.120,37.890.280,39.037.734,39.385.247,39.865.750,39.631.405,467.788.487
REGIÃO GEOGRÁFICA,,,,,,,,,,,,,
Norte,2.766.063,2.556.160,2.795.464,2.721.049,2.934.453,2.891.844,2.882.108,3.041.036,2.983.201,3.056.787,2.965.901,2.915.303,34.509.369
Nordeste,6.698.406,6.349.872,6.797.242,6.568.527,6.678.952,6.598.211,6.386.164,6.508.541,6.517.828,6.877.932,6.912.689,6.910.271,79.804.636
Sudeste,19.686.157,19.583.907,20.172.691,19.877.597,18.885.259,18.859.514,18.392.331,18.499.902,19.351.381,19.442.583,19.915.401,19.748.006,232.414.731
Sul,7.336.983,7.546.357,7.874.809,7.304.948,6.722.502,6.828.027,6.776.855,6.899.718,7.002.470,6.909.221,6.962.420,7.146.416,85.310.727
Centro-Oeste,2.903.317,2.839.920,2.947.985,2.997.059,2.973.640,2.968.034,2.875.662,2.941.083,3.182.854,3.098.724,3.109.339,2.911.409,35.749.024
SUBSISTEMA ELÉTRICO,,,,,,,,,,,,,
Sistemas isolados,232.604,223.112,235.207,227.399,236.395,234.445,229.246,251.033,254.237,259.045,262.710,247.125,2.892.558
Norte,2.784.587,2.571.580,2.805.848,2.747.525,2.929.563,2.911.329,2.912.557,3.057.710,3.017.331,3.105.795,3.011.669,2.987.088,34.842.582
Nordeste,6.162.947,5.839.286,6.257.771,6.030.293,6.134.076,6.038.144,5.827.640,5.907.959,5.891.897,6.233.889,6.277.050,6.281.569,72.882.522
Sudeste/C. Oeste,22.873.805,22.695.881,23.414.556,23.159.015,22.172.270,22.133.685,21.566.822,21.773.860,22.871.799,22.877.297,23.351.901,22.969.207,271.860.098
Sul,7.336.983,7.546.357,7.874.809,7.304.948,6.722.502,6.828.027,6.776.855,6.899.718,7.002.470,6.909.221,6.962.420,7.146.416,85.310.727
,2016,,,,,,,,,,,,
,JAN,FEV,MAR,ABR,MAI,JUN,JUL,AGO,SET,OUT,NOV,DEZ,ANO
TOTAL BRASIL,38.441.186,38.756.966,39.479.836,40.307.616,38.684.472,37.590.445,37.298.614,37.720.362,38.378.745,38.233.197,38.787.249,38.793.147,462.471.835
REGIÃO GEOGRÁFICA,,,,,,,,,,,,,
Norte,2.734.717,2.708.799,2.863.718,2.727.271,2.862.447,2.818.826,2.900.857,2.932.615,2.919.161,2.946.530,2.952.602,2.896.559,34.264.102
Nordeste,6.543.905,6.285.470,6.800.586,6.611.776,6.724.308,6.604.304,6.471.043,6.525.392,6.631.317,6.688.902,6.826.028,6.867.825,79.580.856
Sudeste,19.314.001,19.495.060,19.611.354,20.520.225,19.303.127,18.651.589,18.388.987,18.697.911,19.239.375,19.147.568,19.361.478,19.268.369,230.999.044
Sul,7.006.050,7.435.557,7.281.857,7.357.144,6.888.256,6.671.439,6.696.955,6.639.373,6.609.824,6.477.768,6.713.126,6.950.033,82.727.381
Centro-Oeste,2.842.513,2.832.080,2.922.322,3.091.200,2.906.334,2.844.288,2.840.772,2.925.072,2.979.068,2.972.429,2.934.015,2.810.360,34.900.452
SUBSISTEMA ELÉTRICO,,,,,,,,,,,,,
Sistemas isolados,242.029,243.642,252.453,242.473,231.265,234.959,230.566,260.542,252.657,252.358,252.408,242.865,2.938.217
Norte,2.738.088,2.710.419,2.862.575,2.749.857,2.907.970,2.866.943,2.945.013,2.930.266,2.987.174,2.976.023,3.004.283,2.947.041,34.625.652
Nordeste,6.014.430,5.753.864,6.247.959,6.053.415,6.158.030,6.039.360,5.908.854,5.955.999,6.014.965,6.102.011,6.215.460,6.277.029,72.741.376
Sudeste/C. Oeste,22.440.589,22.613.484,22.834.993,23.904.727,22.498.951,21.777.744,21.517.226,21.934.183,22.514.125,22.425.037,22.601.972,22.376.178,269.439.209
Sul,7.006.050,7.435.557,7.281.857,7.357.144,6.888.256,6.671.439,6.696.955,6.639.373,6.609.824,6.477.768,6.713.126,6.950.033,82.727.381
,2015,,,,,,,,,,,,
,JAN,FEV,MAR,ABR,MAI,JUN,JUL,AGO,SET,OUT,NOV,DEZ,ANO
TOTAL BRASIL,40.715.758,40.673.351,39.720.790,39.552.923,38.160.017,37.220.117,36.777.765,37.809.350,37.789.562,39.265.964,39.208.066,38.629.200,465.522.864
REGIÃO GEOGRÁFICA,,,,,,,,,,,,,
Norte,2.719.895,2.564.690,2.708.587,2.646.115,2.717.649,2.692.275,2.832.877,2.891.977,2.964.444,3.050.012,2.958.108,2.962.634,33.709.263
Nordeste,6.910.768,6.695.450,6.850.712,6.679.151,6.662.518,6.443.549,6.220.911,6.339.650,6.391.792,6.644.503,6.664.351,6.802.749,79.306.103
Sudeste,20.943.263,20.869.827,20.150.053,20.215.138,19.296.452,18.752.591,18.532.921,19.084.994,18.919.408,19.814.546,19.836.832,19.359.382,235.775.407
Sul,7.330.738,7.665.269,7.278.854,7.236.052,6.683.610,6.567.886,6.446.540,6.648.544,6.494.009,6.593.180,6.665.911,6.609.532,82.220.125
Centro-Oeste,2.811.094,2.878.115,2.732.584,2.776.468,2.799.788,2.763.817,2.744.515,2.844.185,3.019.909,3.163.723,3.082.864,2.894.903,34.511.965
SUBSISTEMA ELÉTRICO,,,,,,,,,,,,,
Sistemas isolados,327.871,303.771,317.598,316.976,311.509,227.983,233.100,244.334,258.600,283.114,263.477,252.893,3.341.226
Norte,2.791.082,2.641.733,2.794.295,2.621.255,2.645.231,2.705.048,2.837.312,2.907.368,2.956.987,3.026.397,2.954.707,2.972.897,33.854.312
Nordeste,6.227.580,6.046.199,6.163.013,6.096.516,6.141.945,5.910.127,5.692.682,5.777.659,5.817.844,6.062.013,6.092.273,6.225.261,72.253.111
Sudeste/C. Oeste,24.038.487,24.016.379,23.167.030,23.282.125,22.377.722,21.809.073,21.568.131,22.231.445,22.262.122,23.301.260,23.231.698,22.568.617,273.854.089
Sul,7.330.738,7.665.269,7.278.854,7.236.052,6.683.610,6.567.886,6.446.540,6.648.544,6.494.009,6.593.180,6.665.911,6.609.532,82.220.125
,2014,,,,,,,,,,,,
,JAN,FEV,MAR,ABR,MAI,JUN,JUL,AGO,SET,OUT,NOV,DEZ,ANO
TOTAL BRASIL,40.305.916,41.566.188,40.273.025,39.572.226,39.129.407,37.755.865,37.816.158,38.686.461,38.928.294,40.132.082,40.987.339,39.883.612,475.036.571
REGIÃO GEOGRÁFICA,,,,,,,,,,,,,
Norte,2.600.972,2.476.973,2.612.667,2.601.327,2.707.327,2.643.397,2.720.799,2.759.032,2.836.892,2.825.876,2.762.256,2.816.133,32.363.651
Nordeste,6.889.700,6.623.968,6.860.921,6.687.697,6.689.128,6.384.599,6.563.376,6.663.973,6.732.911,6.941.588,6.933.719,6.881.215,80.852.794
Sudeste,20.704.340,21.652.958,20.717.543,20.451.935,20.068.194,19.293.127,19.130.088,19.438.306,19.529.007,20.304.956,20.968.110,20.098.588,242.357.152
Sul,7.333.087,8.019.594,7.281.924,7.007.480,6.794.930,6.627.215,6.639.960,6.872.774,6.787.415,6.922.704,7.264.836,7.266.585,84.818.504
Centro-Oeste,2.777.817,2.792.694,2.799.970,2.823.787,2.869.828,2.807.527,2.761.935,2.952.376,3.042.069,3.136.958,3.058.417,2.821.091,34.644.470
SUBSISTEMA ELÉTRICO,,,,,,,,,,,,,
Sistemas isolados,308.956,283.510,292.087,299.226,305.901,302.528,305.209,313.142,340.352,344.356,339.035,335.079,3.769.381
Norte,2.853.260,2.697.765,2.857.495,2.753.788,2.779.906,2.709.597,2.800.668,2.872.947,2.876.693,2.883.384,2.833.011,2.868.330,33.786.844
Nordeste,6.041.928,5.847.442,6.045.947,5.947.886,6.023.812,5.728.358,5.897.500,5.940.128,6.030.359,6.221.237,6.222.740,6.190.158,72.137.494
Sudeste/C. Oeste,23.768.685,24.717.876,23.795.572,23.563.846,23.224.858,22.388.167,22.172.821,22.687.470,22.893.475,23.760.401,24.327.716,23.223.460,280.524.348
Sul,7.333.087,8.019.594,7.281.924,7.007.480,6.794.930,6.627.215,6.639.960,6.872.774,6.787.415,6.922.704,7.264.836,7.266.585,84.818.504
,2013,,,,,,,,,,,,
,JAN,FEV,MAR,ABR,MAI,JUN,JUL,AGO,SET,OUT,NOV,DEZ,ANO
TOTAL BRASIL,38.391.038,38.029.467,38.468.143,38.673.537,38.371.701,37.653.536,37.723.944,38.639.358,38.550.776,39.411.960,39.945.439,39.583.058,463.441.957
REGIÃO GEOGRÁFICA,,,,,,,,,,,,,
Norte,2.392.453,2.266.206,2.378.192,2.461.104,2.454.164,2.449.533,2.562.520,2.559.396,2.571.187,2.720.586,2.641.606,2.738.735,30.195.682
Nordeste,6.663.524,6.455.462,6.708.919,6.855.469,6.663.637,6.387.356,6.537.945,6.583.577,6.539.700,6.835.807,6.762.927,6.737.081,79.731.404
Sudeste,20.089.886,19.775.484,19.907.218,20.097.448,19.911.821,19.652.655,19.331.509,19.838.087,20.027.335,20.325.563,20.765.973,20.381.824,240.104.803
Sul,6.617.103,6.952.735,6.833.953,6.572.123,6.613.672,6.498.366,6.544.154,6.797.218,6.572.961,6.654.874,6.849.526,6.885.986,80.392.671
Centro-Oeste,2.628.072,2.579.580,2.639.862,2.687.392,2.728.408,2.665.626,2.747.816,2.861.080,2.839.593,2.875.129,2.925.407,2.839.432,33.017.397
SUBSISTEMA ELÉTRICO,,,,,,,,,,,,,
Sistemas isolados,651.988,627.052,638.423,675.977,672.806,688.200,287.311,289.566,303.953,317.941,318.537,311.346,5.783.100
Norte,2.432.546,2.282.245,2.438.608,2.442.681,2.441.501,2.410.278,2.940.174,2.973.453,2.876.875,2.992.731,2.892.566,2.961.111,32.084.769
Nordeste,5.716.497,5.565.195,5.755.079,5.929.911,5.725.019,5.468.802,5.584.410,5.611.043,5.635.860,5.939.322,5.901.716,5.884.602,68.717.456
Sudeste/C. Oeste,22.972.904,22.602.240,22.802.081,23.052.844,22.918.704,22.587.890,22.367.895,22.968.078,23.161.127,23.507.091,23.983.094,23.540.013,276.463.961
Sul,6.617.103,6.952.735,6.833.953,6.572.123,6.613.672,6.498.366,6.544.154,6.797.218,6.572.961,6.654.874,6.849.526,6.885.986,80.392.671
,2012,,,,,,,,,,,,
,JAN,FEV,MAR,ABR,MAI,JUN,JUL,AGO,SET,OUT,NOV,DEZ,ANO
TOTAL BRASIL,36.305.167,36.888.068,38.635.574,37.995.869,36.810.191,36.528.393,35.917.147,37.179.603,37.661.696,37.796.014,38.643.584,37.765.084,448.126.391
REGIÃO GEOGRÁFICA,,,,,,,,,,,,,
Norte,2.368.905,2.321.772,2.439.658,2.361.905,2.430.160,2.382.274,2.397.648,2.490.521,2.455.692,2.505.782,2.484.062,2.410.373,29.048.752
Nordeste,6.297.828,6.010.436,6.407.753,6.271.553,6.436.375,6.135.291,6.111.808,6.323.564,6.288.243,6.427.697,6.421.108,6.478.746,75.610.402
Sudeste,18.915.418,19.327.465,20.243.305,20.295.686,19.244.538,19.343.073,18.762.191,19.393.131,19.904.342,19.837.975,20.485.581,19.506.176,235.258.881
Sul,6.353.277,6.812.782,7.026.116,6.534.981,6.141.747,6.180.121,6.188.904,6.391.481,6.340.229,6.251.818,6.543.892,6.725.279,77.490.628
Centro-Oeste,2.369.739,2.415.613,2.518.741,2.531.744,2.557.371,2.487.634,2.456.596,2.580.906,2.673.190,2.772.742,2.708.942,2.644.510,30.717.728
SUBSISTEMA ELÉTRICO,,,,,,,,,,,,,
Sistemas isolados,605.432,642.267,625.665,618.898,626.248,640.553,639.555,682.030,669.984,697.099,715.760,659.099,7.822.590
Norte,2.519.336,2.388.287,2.528.737,2.464.743,2.564.902,2.462.680,2.453.561,2.510.949,2.486.488,2.521.284,2.427.264,2.442.993,29.771.224
Nordeste,5.308.865,5.073.264,5.426.930,5.297.261,5.414.017,5.150.028,5.164.193,5.335.634,5.303.269,5.436.662,5.467.115,5.519.204,63.896.442
Sudeste/C. Oeste,21.518.257,21.971.468,23.028.125,23.079.986,22.063.277,22.095.011,21.470.934,22.259.509,22.861.726,22.889.151,23.489.554,22.418.509,269.145.507
Sul,6.353.277,6.812.782,7.026.116,6.534.981,6.141.747,6.180.121,6.188.904,6.391.481,6.340.229,6.251.818,6.543.892,6.725.279,77.490.628
,2011,,,,,,,,,,,,
,JAN,FEV,MAR,ABR,MAI,JUN,JUL,AGO,SET,OUT,NOV,DEZ,ANO
TOTAL BRASIL,35.873.744,35.444.917,36.350.690,36.048.318,35.565.987,35.159.574,35.417.293,36.335.813,36.965.189,36.743.770,36.368.390,36.741.949,433.015.634
REGIÃO GEOGRÁFICA,,,,,,,,,,,,,
Norte,2.215.755,2.063.282,2.235.928,2.218.663,2.262.894,2.323.604,2.351.516,2.406.843,2.419.447,2.476.119,2.369.154,2.415.932,27.759.137
Nordeste,5.988.600,5.502.639,6.026.836,5.966.554,5.899.310,5.809.043,5.936.622,6.092.998,6.093.026,6.216.199,6.137.780,6.244.198,71.913.805
Sudeste,19.247.694,19.218.269,19.390.849,19.369.031,18.908.980,18.737.534,18.731.628,19.249.143,19.753.623,19.385.128,19.378.704,19.297.800,230.668.383
Sul,6.285.133,6.504.407,6.435.946,6.183.233,6.147.984,6.011.171,6.081.811,6.177.576,6.133.865,6.118.714,6.045.746,6.344.201,74.469.787
Centro-Oeste,2.136.562,2.156.320,2.261.131,2.310.837,2.346.819,2.278.222,2.315.716,2.409.253,2.565.228,2.547.610,2.437.006,2.439.818,28.204.522
SUBSISTEMA ELÉTRICO,,,,,,,,,,,,,
Sistemas isolados,563.105,539.379,558.760,562.467,568.405,592.238,594.421,632.883,656.582,663.908,633.767,623.402,7.189.317
Norte,2.427.336,2.212.703,2.446.369,2.425.865,2.497.282,2.520.006,2.561.563,2.594.923,2.556.386,2.606.289,2.494.162,2.553.827,29.896.711
Nordeste,4.994.351,4.605.569,5.057.211,4.981.970,4.879.960,4.794.000,4.902.561,5.033.190,5.057.216,5.173.442,5.128.550,5.238.788,59.846.808
Sudeste/C. Oeste,21.603.819,21.582.859,21.852.404,21.894.783,21.472.356,21.242.159,21.276.937,21.897.241,22.561.140,22.181.417,22.066.165,21.981.731,261.613.011
Sul,6.285.133,6.504.407,6.435.946,6.183.233,6.147.984,6.011.171,6.081.811,6.177.576,6.133.865,6.118.714,6.045.746,6.344.201,74.469.787
,2010,,,,,,,,,,,,
,JAN,FEV,MAR,ABR,MAI,JUN,JUL,AGO,SET,OUT,NOV,DEZ,ANO
TOTAL BRASIL,33.360.461,33.729.758,35.116.882,35.025.860,34.296.978,34.169.459,33.849.349,34.713.394,35.182.271,35.188.925,35.077.981,35.956.439,415.667.758
REGIÃO GEOGRÁFICA,,,,,,,,,,,,,
Norte,2.065.345,1.976.810,2.107.323,2.146.015,2.175.440,2.198.244,2.195.788,2.228.538,2.279.912,2.325.698,2.262.057,2.260.546,26.221.714
Nordeste,5.739.946,5.589.432,6.118.961,5.884.040,5.959.632,5.905.720,5.844.282,5.833.193,5.896.294,6.123.244,6.136.436,6.165.765,71.196.945
Sudeste,17.684.138,18.113.423,18.521.916,18.825.122,18.240.192,18.212.704,17.936.477,18.656.632,18.980.234,18.818.098,18.709.507,19.306.259,222.004.702
Sul,5.798.706,5.979.347,6.199.985,5.982.263,5.730.901,5.652.619,5.706.940,5.755.499,5.711.563,5.628.306,5.758.556,6.029.231,69.933.916
Centro-Oeste,2.072.325,2.070.746,2.168.697,2.188.420,2.190.813,2.200.172,2.165.862,2.239.532,2.314.269,2.293.579,2.211.426,2.194.639,26.310.480
SUBSISTEMA ELÉTRICO,,,,,,,,,,,,,
Sistemas isolados,530.185,522.360,519.974,569.974,555.372,572.783,549.102,583.301,609.370,617.640,607.895,583.777,6.821.731
Norte,2.304.691,2.153.625,2.347.780,2.309.802,2.373.574,2.369.141,2.407.663,2.452.133,2.439.170,2.485.835,2.419.808,2.455.639,28.518.861
Nordeste,4.776.266,4.706.249,5.165.046,4.940.166,4.997.391,4.958.753,4.872.636,4.825.434,4.909.409,5.106.765,5.144.191,5.169.293,59.571.599
Sudeste/C. Oeste,19.950.612,20.368.177,20.884.097,21.223.655,20.639.740,20.616.163,20.313.008,21.097.027,21.512.760,21.350.379,21.147.532,21.718.500,250.821.650
Sul,5.798.706,5.979.347,6.199.985,5.982.263,5.730.901,5.652.619,5.706.940,5.755.499,5.711.563,5.628.306,5.758.556,6.029.231,69.933.916
,2009,,,,,,,,,,,,
,JAN,FEV,MAR,ABR,MAI,JUN,JUL,AGO,SET,OUT,NOV,DEZ,ANO
TOTAL BRASIL,30.666.662,30.495.143,31.977.750,32.042.793,30.945.453,30.715.086,31.325.075,32.262.206,32.716.666,33.419.533,33.616.820,34.123.195,384.306.380
REGIÃO GEOGRÁFICA,,,,,,,,,,,,,
Norte,1.981.913,1.804.162,1.882.490,1.919.027,1.923.559,1.993.823,2.023.693,2.074.891,2.089.534,2.135.822,2.132.369,2.121.716,24.082.999
Nordeste,5.340.331,5.098.685,5.391.003,5.307.847,5.189.806,5.122.412,5.257.444,5.501.276,5.581.245,5.779.775,5.705.872,5.968.068,65.243.764
Sudeste,16.124.348,16.190.533,16.931.565,17.027.530,16.500.151,16.330.119,16.655.879,17.158.443,17.516.988,17.858.520,18.058.927,18.201.962,204.554.966
Sul,5.279.472,5.465.140,5.742.612,5.671.556,5.266.440,5.261.043,5.315.045,5.392.188,5.362.624,5.440.950,5.591.816,5.739.383,65.528.269
Centro-Oeste,1.940.598,1.936.623,2.030.080,2.116.833,2.065.497,2.007.689,2.073.014,2.135.408,2.166.275,2.204.466,2.127.836,2.092.066,24.896.383
SUBSISTEMA ELÉTRICO,,,,,,,,,,,,,
Sistemas isolados,660.399,641.064,642.350,662.345,678.973,681.068,678.221,739.357,760.014,783.998,578.759,568.805,8.075.353
Norte,2.258.573,1.979.238,2.109.772,2.106.575,2.150.750,2.182.941,2.254.448,2.279.943,2.271.616,2.310.492,2.287.224,2.292.493,26.484.065
Nordeste,4.411.351,4.290.763,4.528.036,4.464.527,4.290.163,4.259.862,4.354.335,4.563.834,4.646.286,4.828.396,4.770.153,5.031.179,54.438.885
Sudeste/C. Oeste,18.056.867,18.118.938,18.954.980,19.137.790,18.559.127,18.330.172,18.723.026,19.286.884,19.676.126,20.055.697,20.388.868,20.491.335,229.779.808
Sul,5.279.472,5.465.140,5.742.612,5.671.556,5.266.440,5.261.043,5.315.045,5.392.188,5.362.624,5.440.950,5.591.816,5.739.383,65.528.269
,2008,,,,,,,,,,,,
,JAN,FEV,MAR,ABR,MAI,JUN,JUL,AGO,SET,OUT,NOV,DEZ,ANO
TOTAL BRASIL,31.855.946,31.730.941,32.118.715,31.952.656,32.299.963,31.742.988,32.150.090,33.013.175,32.963.809,33.672.661,33.412.177,31.559.278,388.472.399
REGIÃO GEOGRÁFICA,,,,,,,,,,,,,
Norte,1.890.320,1.836.296,1.900.506,1.888.899,1.933.034,1.980.943,1.998.546,2.066.807,2.112.487,2.151.182,2.081.744,2.032.318,23.873.082
Nordeste,5.505.389,5.284.770,5.365.906,5.266.621,5.436.907,5.241.035,5.333.928,5.399.877,5.461.436,5.683.928,5.587.559,5.535.839,65.103.195
Sudeste,17.157.633,17.088.727,17.293.931,17.284.914,17.577.262,17.180.445,17.451.996,17.983.892,17.869.017,18.231.987,18.164.111,16.659.849,209.943.764
Sul,5.491.078,5.689.547,5.723.834,5.604.344,5.382.338,5.368.281,5.419.027,5.520.183,5.412.749,5.481.462,5.441.085,5.366.031,65.899.959
Centro-Oeste,1.811.526,1.831.601,1.834.538,1.907.878,1.970.422,1.972.284,1.946.593,2.042.416,2.108.120,2.124.102,2.137.678,1.965.241,23.652.399
SUBSISTEMA ELÉTRICO,,,,,,,,,,,,,
Sistemas isolados,643.748,632.555,643.022,652.059,674.466,677.641,675.002,731.190,754.347,740.672,754.472,704.255,8.283.429
Norte,2.176.344,2.062.095,2.169.060,2.116.218,2.173.036,2.211.338,2.273.269,2.297.754,2.310.179,2.385.308,2.278.183,2.270.448,26.723.232
Nordeste,4.589.009,4.439.813,4.467.010,4.400.292,4.535.807,4.346.576,4.397.876,4.451.345,4.524.142,4.721.483,4.648.564,4.604.250,54.126.167
Sudeste/C. Oeste,18.955.767,18.906.931,19.115.789,19.179.743,19.534.316,19.139.152,19.384.916,20.012.703,19.962.392,20.343.736,20.289.873,18.614.294,233.439.612
Sul,5.491.078,5.689.547,5.723.834,5.604.344,5.382.338,5.368.281,5.419.027,5.520.183,5.412.749,5.481.462,5.441.085,5.366.031,65.899.959
,2007,,,,,,,,,,,,
,JAN,FEV,MAR,ABR,MAI,JUN,JUL,AGO,SET,OUT,NOV,DEZ,ANO
TOTAL BRASIL,30.699.704,30.324.669,31.312.900,32.030.744,31.382.917,30.766.760,30.501.339,31.181.133,31.735.736,32.135.735,32.654.491,32.304.926,377.031.054
REGIÃO GEOGRÁFICA,,,,,,,,,,,,,
Norte,1.833.708,1.752.986,1.820.537,1.832.867,1.889.427,1.899.318,1.912.792,1.950.708,1.964.607,2.006.525,1.995.582,1.991.017,22.850.074
Nordeste,5.184.828,4.883.152,4.985.447,5.117.947,5.132.742,5.079.581,5.131.886,5.212.952,5.148.024,5.440.994,5.502.715,5.546.780,62.367.048
Sudeste,16.699.870,16.615.359,17.288.542,17.761.372,17.290.528,16.890.489,16.590.582,16.970.732,17.585.510,17.488.650,17.983.265,17.621.312,206.786.211
Sul,5.203.429,5.351.937,5.424.059,5.404.659,5.219.841,5.114.607,5.056.898,5.194.645,5.157.841,5.240.394,5.294.910,5.333.163,62.996.383
Centro-Oeste,1.777.869,1.721.235,1.794.315,1.913.899,1.850.379,1.782.765,1.809.181,1.852.096,1.879.754,1.959.172,1.878.019,1.812.654,22.031.338
SUBSISTEMA ELÉTRICO,,,,,,,,,,,,,
Sistemas isolados,610.999,613.674,613.844,632.726,637.929,649.524,640.495,659.124,690.497,692.060,703.637,682.025,7.826.534
Norte,2.129.379,1.965.130,2.091.436,2.088.417,2.172.209,2.138.391,2.187.175,2.234.128,2.180.370,2.260.957,2.221.822,2.252.062,25.921.476
Nordeste,4.293.362,4.072.821,4.116.069,4.245.411,4.227.316,4.203.769,4.229.714,4.283.116,4.255.922,4.508.399,4.586.600,4.616.989,51.639.488
Sudeste/C. Oeste,18.462.535,18.321.107,19.067.492,19.659.531,19.125.622,18.660.469,18.387.057,18.810.120,19.451.106,19.433.925,19.847.522,19.420.687,228.647.173
Sul,5.203.429,5.351.937,5.424.059,5.404.659,5.219.841,5.114.607,5.056.898,5.194.645,5.157.841,5.240.394,5.294.910,5.333.163,62.996.383
,2006,,,,,,,,,,,,
,JAN,FEV,MAR,ABR,MAI,JUN,JUL,AGO,SET,OUT,NOV,DEZ,ANO
TOTAL BRASIL,28.880.910,29.383.486,29.953.892,29.839.707,28.967.570,29.060.245,29.072.009,29.886.236,29.945.477,30.093.621,30.552.178,30.493.979,356.129.310
REGIÃO GEOGRÁFICA,,,,,,,,,,,,,
Norte,1.727.932,1.646.352,1.741.060,1.733.653,1.753.959,1.761.920,1.812.929,1.851.943,1.886.314,1.899.959,1.871.574,1.864.370,21.551.966
Nordeste,4.913.182,4.704.041,4.976.022,4.856.338,4.793.831,4.769.521,4.760.160,4.939.400,4.950.953,5.141.501,5.132.731,5.122.710,59.060.390
Sudeste,15.695.620,16.178.817,16.329.281,16.445.972,15.928.366,15.961.332,15.939.907,16.352.070,16.463.113,16.403.494,16.743.680,16.689.648,195.131.300
Sul,4.927.600,5.187.222,5.211.509,5.062.543,4.807.141,4.879.786,4.847.373,4.957.961,4.841.502,4.852.384,5.043.949,5.074.875,59.693.846
Centro-Oeste,1.616.577,1.667.054,1.696.020,1.741.200,1.684.272,1.687.687,1.711.640,1.784.863,1.803.594,1.796.283,1.760.244,1.742.376,20.691.809
SUBSISTEMA ELÉTRICO,,,,,,,,,,,,,
Sistemas isolados,573.678,572.318,573.765,593.409,583.257,597.954,622.176,630.911,673.536,659.545,661.747,644.481,7.386.777
Norte,1.983.975,1.845.538,1.997.492,1.979.413,2.002.934,2.006.597,2.057.709,2.119.573,2.099.683,2.156.880,2.097.589,2.133.465,24.480.849
Nordeste,4.096.942,3.946.336,4.159.995,4.031.775,3.975.978,3.941.536,3.907.604,4.055.591,4.079.746,4.240.865,4.260.667,4.224.038,48.921.073
Sudeste/C. Oeste,17.298.716,17.832.072,18.011.130,18.172.567,17.598.260,17.634.372,17.637.148,18.122.200,18.251.010,18.183.947,18.488.225,18.417.119,215.646.765
Sul,4.927.600,5.187.222,5.211.509,5.062.543,4.807.141,4.879.786,4.847.373,4.957.961,4.841.502,4.852.384,5.043.949,5.074.875,59.693.846
,2005,,,,,,,,,,,,
,JAN,FEV,MAR,ABR,MAI,JUN,JUL,AGO,SET,OUT,NOV,DEZ,ANO
TOTAL BRASIL,28.375.437,27.887.618,28.557.969,29.347.027,28.482.150,28.320.550,28.322.317,28.765.003,29.335.128,29.145.312,29.287.616,29.505.146,345.331.272
REGIÃO GEOGRÁFICA,,,,,,,,,,,,,
Norte,1.687.538,1.619.124,1.669.597,1.651.886,1.689.409,1.692.288,1.718.918,1.725.457,1.752.161,1.796.178,1.787.687,1.774.268,20.564.512
Nordeste,4.775.176,4.526.038,4.692.202,4.675.415,4.738.601,4.575.215,4.643.778,4.740.299,4.763.781,4.849.539,4.919.391,5.005.464,56.904.898
Sudeste,15.518.488,15.206.192,15.475.986,16.295.933,15.581.963,15.633.867,15.509.118,15.838.517,16.391.989,16.074.849,16.089.443,16.116.894,189.733.238
Sul,4.809.416,4.966.586,5.069.873,4.997.008,4.799.821,4.754.692,4.724.562,4.743.659,4.654.131,4.668.762,4.748.342,4.948.743,57.885.595
Centro-Oeste,1.584.818,1.569.678,1.650.311,1.726.784,1.672.357,1.664.488,1.725.940,1.717.071,1.773.066,1.755.984,1.742.754,1.659.777,20.243.029
SUBSISTEMA ELÉTRICO,,,,,,,,,,,,,
Sistemas isolados,577.924,557.548,568.774,575.804,572.979,593.222,604.373,600.640,637.941,634.364,639.584,616.391,7.179.544
Norte,1.890.933,1.785.180,1.884.709,1.828.608,1.905.814,1.890.130,1.913.978,1.941.091,1.914.332,1.984.395,1.961.498,2.044.857,22.945.525
Nordeste,4.017.487,3.827.107,3.936.072,3.951.643,3.976.608,3.811.735,3.873.384,3.953.202,3.993.509,4.056.077,4.133.520,4.144.831,47.675.175
Sudeste/C. Oeste,17.079.676,16.751.197,17.098.542,17.993.964,17.226.929,17.270.770,17.206.020,17.526.411,18.135.214,17.801.714,17.804.672,17.750.325,209.645.433
Sul,4.809.416,4.966.586,5.069.873,4.997.008,4.799.821,4.754.692,4.724.562,4.743.659,4.654.131,4.668.762,4.748.342,4.948.743,57.885.595
,2004,,,,,,,,,,,,
,JAN,FEV,MAR,ABR,MAI,JUN,JUL,AGO,SET,OUT,NOV,DEZ,ANO
TOTAL BRASIL,26.978.361,26.508.269,27.284.337,28.046.181,27.248.157,27.082.961,27.346.005,27.656.858,28.282.497,28.509.867,28.363.331,28.562.106,331.868.931
REGIÃO GEOGRÁFICA,,,,,,,,,,,,,
Norte,1.574.434,1.507.449,1.574.177,1.598.862,1.629.129,1.641.382,1.665.003,1.729.896,1.687.157,1.724.167,1.719.638,1.740.621,19.791.913
Nordeste,4.457.112,4.139.867,4.372.743,4.461.999,4.423.585,4.409.302,4.376.174,4.438.515,4.570.030,4.657.881,4.708.465,4.770.509,53.786.182
Sudeste,14.929.528,14.714.713,14.903.803,15.501.322,14.906.629,14.898.517,15.094.286,15.189.575,15.643.732,15.793.624,15.801.001,15.750.648,183.127.378
Sul,4.510.113,4.690.228,4.898.770,4.873.311,4.723.026,4.556.564,4.598.793,4.653.182,4.654.412,4.590.697,4.529.419,4.665.214,55.943.730
Centro-Oeste,1.507.174,1.456.013,1.534.844,1.610.687,1.565.788,1.577.197,1.611.750,1.645.690,1.727.167,1.743.498,1.604.807,1.635.114,19.219.728
SUBSISTEMA ELÉTRICO,,,,,,,,,,,,,
Sistemas isolados,537.166,516.011,525.472,538.284,539.975,539.350,552.988,559.477,583.883,605.454,598.479,603.585,6.700.124
Norte,1.795.207,1.707.571,1.815.858,1.813.828,1.864.450,1.855.965,1.880.414,1.955.055,1.877.032,1.934.410,1.895.129,1.921.259,22.316.178
Nordeste,3.719.427,3.444.708,3.629.040,3.733.031,3.671.927,3.678.193,3.633.964,3.680.492,3.823.780,3.870.290,3.961.920,4.011.821,44.858.591
Sudeste/C. Oeste,16.416.449,16.149.752,16.415.197,17.087.727,16.448.778,16.452.890,16.679.846,16.808.652,17.343.391,17.509.015,17.378.384,17.360.226,202.050.308
Sul,4.510.113,4.690.228,4.898.770,4.873.311,4.723.026,4.556.564,4.598.793,4.653.182,4.654.412,4.590.697,4.529.419,4.665.214,55.943.730
